{
  "variants": {
    "power=0": { "model": "block/target" },
    "power=1": { "model": "block/target_12" },
    "power=2": { "model": "block/target_12" },
    "power=3": { "model": "block/target_34" },
    "power=4": { "model": "block/target_34" },
    "power=5": { "model": "block/target_56" },
    "power=6": { "model": "block/target_56" },
    "power=7": { "model": "block/target_78" },
    "power=8": { "model": "block/target_78" },
    "power=9": { "model": "block/target_910" },
    "power=10": { "model": "block/target_910" },
    "power=11": { "model": "block/target_1112" },
    "power=12": { "model": "block/target_1112" },
    "power=13": { "model": "block/target_1314" },
    "power=14": { "model": "block/target_1314" },
    "power=15": { "model": "block/target_15" }
  }
}