{
     "parent": "block/block",
     "elements": [
          {   "from": [ 0, 0, 0 ],
               "to": [16, 16, 16 ],
               "faces": {
                "down": { "texture": "#base" },
                "up": { "texture": "#base" },
                "north": { "texture": "#base" },
                "south": { "texture": "#base" },
                "west": { "texture": "#base" },
                "east": { "texture": "#base" }
               }
          },
          {   "from": [ 8, -0.01, -0.01 ],
               "to": [16.01, 16.01, 16.01 ],
               "faces": {
                "down": { "texture": "#type" },
                "up": { "texture": "#type" },
                "north": { "texture": "#type" },
                "south": { "texture": "#type" },
                "west": { "texture": "#type" },
                "east": { "texture": "#type" }
               }
          }
     ]
}