{
    "parent": "block/block",
    "textures": {
        "back": "#back",
        "side": "#side",
        "front": "#front",
        "particle": "#front"
    },
    "elements": [
        {
            "from": [0, 0, 0],
            "to": [16, 16, 16],
            "faces": {
                "north": {"uv": [0, 0, 16, 16], "texture": "#front", "cullface": "north"},
                "east": {"uv": [0, 0, 16, 16], "rotation": 180, "texture": "#side", "cullface": "east"},
                "south": {"uv": [0, 0, 16, 16], "texture": "#back", "cullface": "south"},
                "west": {"uv": [0, 0, 16, 16], "texture": "#side", "cullface": "west"},
                "up": {"uv": [0, 16, 16, 0], "rotation": 90, "texture": "#side", "cullface": "up"},
                "down": {"uv": [0, 0, 16, 16], "rotation": 270, "texture": "#side", "cullface": "down"}
            }
        }
    ]
}