{
    "ambientocclusion": false,
    "textures": {
        "top": "block/hopper_top",
        "particle": "block/hopper_side",
        "side": "block/hopper_side",
        "inside": "block/hopper_inside_flow",
        "back": "block/hopper_back",
        "front": "block/hopper_front",
        "out": "block/hopper_outside"
    },
    "elements": [
        {
            "from": [0, 10, 0],
            "to": [16, 11, 16],
            "faces": {
                "north": {"uv": [0, 5, 16, 6], "texture": "#side", "cullface": "north"},
                "east": {"uv": [0, 5, 16, 6], "texture": "#side", "cullface": "east"},
                "south": {"uv": [0, 5, 16, 6], "texture": "#side", "cullface": "south"},
                "west": {"uv": [0, 5, 16, 6], "texture": "#side", "cullface": "west"},
                "up": {"uv": [0, 0, 16, 16], "texture": "#inside", "cullface": "up"},
                "down": {"uv": [0, 16, 16, 0], "texture": "#inside"}
            }
        },
        {
            "from": [0, 11, 0],
            "to": [2, 16, 16],
            "faces": {
                "north": {"uv": [14, 0, 16, 5], "texture": "#side", "cullface": "north"},
                "east": {"uv": [0, 0, 16, 5], "texture": "#out", "cullface": "up"},
                "south": {"uv": [0, 0, 2, 5], "texture": "#side", "cullface": "south"},
                "west": {"uv": [16, 0, 0, 5], "texture": "#side", "cullface": "west"},
                "up": {"uv": [0, 0, 2, 16], "texture": "#top", "cullface": "up"}
            }
        },
        {
            "from": [14, 11, 0],
            "to": [16, 16, 16],
            "faces": {
                "north": {"uv": [0, 0, 2, 5], "texture": "#side", "cullface": "north"},
                "east": {"uv": [0, 0, 16, 5], "texture": "#side", "cullface": "east"},
                "south": {"uv": [14, 0, 16, 5], "texture": "#side", "cullface": "south"},
                "west": {"uv": [16, 0, 0, 5], "texture": "#out", "cullface": "up"},
                "up": {"uv": [14, 0, 16, 16], "texture": "#top", "cullface": "up"}
            }
        },
        {
            "from": [2, 11, 0],
            "to": [14, 16, 2],
            "faces": {
                "north": {"uv": [2, 0, 14, 5], "texture": "#front", "cullface": "north"},
                "south": {"uv": [2, 0, 14, 5], "texture": "#out", "cullface": "up"},
                "up": {"uv": [2, 0, 14, 2], "texture": "#top", "cullface": "up"}
            }
        },
        {
            "from": [2, 11, 14],
            "to": [14, 16, 16],
            "faces": {
                "north": {"uv": [2, 0, 14, 5], "texture": "#out", "cullface": "up"},
                "south": {"uv": [2, 0, 14, 5], "texture": "#back", "cullface": "south"},
                "up": {"uv": [2, 14, 14, 16], "texture": "#top", "cullface": "up"}
            }
        },
        {
            "from": [4, 4, 4],
            "to": [12, 10, 12],
            "faces": {
                "north": {"uv": [4, 6, 12, 12], "texture": "#front"},
                "east": {"uv": [4, 6, 12, 12], "texture": "#side"},
                "south": {"uv": [4, 6, 12, 12], "texture": "#back"},
                "west": {"uv": [12, 6, 4, 12], "texture": "#side"},
                "down": {"uv": [4, 12, 12, 4], "texture": "#inside"}
            }
        },
        {
            "from": [6, 4, 0],
            "to": [10, 8, 4],
            "faces": {
                "north": {"uv": [6, 8, 10, 12], "texture": "#front", "cullface": "north"},
                "east": {"uv": [12, 8, 16, 12], "texture": "#side"},
                "west": {"uv": [0, 8, 4, 12], "texture": "#side"},
                "up": {"uv": [6, 0, 10, 4], "texture": "#inside"},
                "down": {"uv": [6, 4, 10, 0], "texture": "#inside"}
            }
        }
    ]
}